GT labels,pred labels,pred scores,rbw
21.0,21.0,0.9969919919967651,300Hz
96.0,96.0,0.9997852444648743,300Hz
38.0,38.0,0.9989984035491943,300Hz
21.0,21.0,0.9967789649963379,300Hz
94.0,94.0,0.9974410533905029,300Hz
38.0,38.0,0.9966548085212708,300Hz
96.0,96.0,0.999817967414856,300Hz
37.0,37.0,0.9808067679405212,300Hz
68.0,68.0,0.999203085899353,300Hz
14.0,14.0,0.9846426844596863,300Hz
38.0,38.0,0.9999013543128967,300Hz
0.0,-1.0,0.5435901880264282,300Hz
0.0,-1.0,0.532060444355011,300Hz
97.0,97.0,0.9967072010040283,300Hz
0.0,14.0,0.7221889495849609,300Hz
95.0,95.0,0.9996324181556702,300Hz
0.0,14.0,0.9625294804573059,300Hz
0.0,-1.0,0.6723384261131287,300Hz
37.0,37.0,0.9955695867538452,300Hz
21.0,21.0,0.9942209720611572,300Hz
0.0,21.0,0.956853449344635,300Hz
0.0,21.0,0.9044984579086304,300Hz
94.0,94.0,0.9984288215637207,300Hz
37.0,37.0,0.9916926622390747,300Hz
0.0,-1.0,0.8638516664505005,300Hz
21.0,21.0,0.9974803924560547,300Hz
14.0,14.0,0.9976872205734253,300Hz
0.0,14.0,0.8123263120651245,300Hz
96.0,96.0,0.9993411302566528,300Hz
14.0,14.0,0.9998886585235596,300Hz
14.0,14.0,0.9998189806938171,300Hz
14.0,14.0,0.9997864365577698,300Hz
14.0,14.0,0.9997766613960266,300Hz
14.0,14.0,0.999727725982666,300Hz
14.0,14.0,0.9994493126869202,300Hz
14.0,14.0,0.9993547797203064,300Hz
14.0,14.0,0.9983887672424316,300Hz
14.0,14.0,0.9954618811607361,300Hz
14.0,14.0,0.9953936338424683,300Hz
14.0,14.0,0.9943990111351013,300Hz
95.0,95.0,0.9997427463531494,300Hz
0.0,14.0,0.8521101474761963,300Hz
38.0,38.0,0.9930022358894348,300Hz
21.0,21.0,0.9994034767150879,300Hz
0.0,21.0,0.8502556681632996,300Hz
0.0,21.0,0.7526918053627014,300Hz
37.0,37.0,0.9924707412719727,300Hz
0.0,-1.0,0.6687045097351074,300Hz
21.0,21.0,0.9722198843955994,300Hz
0.0,21.0,0.9422397613525391,300Hz
38.0,38.0,0.9992954730987549,300Hz
70.0,70.0,0.9950018525123596,300Hz
70.0,70.0,0.9948219060897827,300Hz
95.0,95.0,0.9997113347053528,300Hz
37.0,37.0,0.9988216161727905,300Hz
0.0,-1.0,0.5525397062301636,300Hz
37.0,37.0,0.9719210863113403,300Hz
37.0,37.0,0.9963366985321045,300Hz
21.0,21.0,0.999069333076477,300Hz
94.0,94.0,0.9668940305709839,300Hz
37.0,37.0,0.9820859432220459,300Hz
21.0,21.0,0.9940260648727417,300Hz
14.0,14.0,0.9998440742492676,300Hz
38.0,38.0,0.998590886592865,300Hz
95.0,95.0,0.9997053146362305,300Hz
38.0,38.0,0.9998539686203003,300Hz
0.0,-1.0,0.6130049228668213,300Hz
0.0,-1.0,0.5942569375038147,300Hz
0.0,-1.0,0.5522982478141785,300Hz
38.0,38.0,0.9973631501197815,300Hz
38.0,38.0,0.9919137954711914,300Hz
21.0,38.0,0.9990800619125366,300Hz
38.0,38.0,0.9983142614364624,300Hz
0.0,68.0,0.7511287331581116,300Hz
37.0,37.0,0.9964178800582886,300Hz
0.0,69.0,0.6767140626907349,300Hz
14.0,14.0,0.999602735042572,300Hz
68.0,68.0,0.9994491338729858,300Hz
14.0,14.0,0.9976296424865723,300Hz
14.0,14.0,0.9976007342338562,300Hz
14.0,14.0,0.9914490580558777,300Hz
14.0,14.0,0.9752956032752991,300Hz
0.0,14.0,0.5943207740783691,300Hz
37.0,37.0,0.9622434973716736,300Hz
21.0,21.0,0.9924952983856201,300Hz
96.0,96.0,0.9997751712799072,300Hz
21.0,21.0,0.9989924430847168,300Hz
38.0,38.0,0.9905027151107788,300Hz
38.0,38.0,0.9869462847709656,300Hz
14.0,14.0,0.9999091625213623,300Hz
14.0,14.0,0.9998536109924316,300Hz
14.0,14.0,0.999850869178772,300Hz
14.0,14.0,0.9998127818107605,300Hz
14.0,14.0,0.9997593760490417,300Hz
14.0,14.0,0.9997417330741882,300Hz
14.0,14.0,0.9997105598449707,300Hz
14.0,14.0,0.9990153312683105,300Hz
14.0,14.0,0.9989578723907471,300Hz
14.0,14.0,0.9985887408256531,300Hz
14.0,14.0,0.9952223300933838,300Hz
0.0,14.0,0.8884868025779724,300Hz
37.0,37.0,0.9971312284469604,300Hz
21.0,21.0,0.9452434182167053,300Hz
14.0,14.0,0.9973737001419067,300Hz
68.0,14.0,0.9633283615112305,300Hz
37.0,37.0,0.9371640682220459,300Hz
38.0,38.0,0.9996359944343567,300Hz
0.0,-1.0,0.5576345324516296,300Hz
21.0,21.0,0.9977056980133057,300Hz
0.0,21.0,0.866317629814148,300Hz
0.0,21.0,0.5033525824546814,300Hz
21.0,21.0,0.9940710067749023,300Hz
95.0,95.0,0.9991632699966431,300Hz
0.0,14.0,0.9935473799705505,300Hz
0.0,-1.0,0.5998368263244629,300Hz
21.0,21.0,0.9990888833999634,300Hz
0.0,21.0,0.8383417725563049,300Hz
0.0,21.0,0.7666422724723816,300Hz
21.0,21.0,0.99765944480896,300Hz
37.0,37.0,0.9689565896987915,300Hz
96.0,96.0,0.9994832277297974,300Hz
37.0,37.0,0.9970107078552246,300Hz
0.0,-1.0,0.5096423625946045,300Hz
37.0,37.0,0.9987708330154419,300Hz
21.0,21.0,0.9990019202232361,300Hz
37.0,37.0,0.9097119569778442,300Hz
38.0,38.0,0.9999329447746277,300Hz
0.0,-1.0,0.5156199336051941,300Hz
14.0,14.0,0.9994113445281982,300Hz
14.0,14.0,0.9993780851364136,300Hz
14.0,14.0,0.9987596273422241,300Hz
14.0,14.0,0.9985896348953247,300Hz
14.0,14.0,0.9985896348953247,300Hz
14.0,14.0,0.9985484480857849,300Hz
14.0,14.0,0.9985083937644958,300Hz
14.0,14.0,0.9979477524757385,300Hz
14.0,14.0,0.6368550062179565,300Hz
14.0,0.0,1.0,300Hz
38.0,38.0,0.9910719990730286,300Hz
38.0,38.0,0.9507662653923035,300Hz
37.0,37.0,0.9983539581298828,300Hz
0.0,14.0,0.837442934513092,300Hz
0.0,-1.0,0.7078592777252197,300Hz
0.0,-1.0,0.5729019641876221,300Hz
0.0,-1.0,0.539165198802948,300Hz
68.0,68.0,0.9981263279914856,300Hz
14.0,14.0,0.9940947890281677,300Hz
38.0,38.0,0.999255895614624,300Hz
69.0,69.0,0.9997013211250305,300Hz
69.0,69.0,0.9993805885314941,300Hz
69.0,69.0,0.9992765784263611,300Hz
69.0,69.0,0.9992425441741943,300Hz
69.0,69.0,0.9991798996925354,300Hz
69.0,69.0,0.9991225600242615,300Hz
69.0,69.0,0.9987962245941162,300Hz
69.0,69.0,0.9987319111824036,300Hz
69.0,69.0,0.9985437393188477,300Hz
69.0,69.0,0.9984234571456909,300Hz
69.0,69.0,0.9984034895896912,300Hz
69.0,69.0,0.9983512163162231,300Hz
69.0,69.0,0.9983104467391968,300Hz
69.0,69.0,0.9982701539993286,300Hz
69.0,69.0,0.9981568455696106,300Hz
69.0,69.0,0.9981085062026978,300Hz
69.0,69.0,0.9980583786964417,300Hz
69.0,69.0,0.9980571866035461,300Hz
69.0,69.0,0.9980397820472717,300Hz
69.0,69.0,0.9980388283729553,300Hz
69.0,69.0,0.9979678988456726,300Hz
69.0,69.0,0.9978722333908081,300Hz
69.0,69.0,0.9977405071258545,300Hz
69.0,69.0,0.9974809885025024,300Hz
69.0,69.0,0.9973489046096802,300Hz
69.0,69.0,0.9969507455825806,300Hz
69.0,69.0,0.9968476891517639,300Hz
69.0,69.0,0.9966827034950256,300Hz
69.0,69.0,0.9964626431465149,300Hz
69.0,69.0,0.9964542388916016,300Hz
69.0,69.0,0.9964492321014404,300Hz
69.0,69.0,0.9962284564971924,300Hz
69.0,69.0,0.9960122108459473,300Hz
69.0,69.0,0.995932400226593,300Hz
69.0,69.0,0.9950227737426758,300Hz
69.0,69.0,0.9950199127197266,300Hz
69.0,69.0,0.9948984980583191,300Hz
69.0,69.0,0.9947590231895447,300Hz
69.0,69.0,0.9939593076705933,300Hz
69.0,69.0,0.9929487109184265,300Hz
69.0,69.0,0.991310715675354,300Hz
69.0,69.0,0.9912670254707336,300Hz
69.0,69.0,0.9905152320861816,300Hz
69.0,69.0,0.99042809009552,300Hz
69.0,69.0,0.9899575114250183,300Hz
69.0,69.0,0.9888394474983215,300Hz
69.0,69.0,0.9879837036132812,300Hz
69.0,69.0,0.9873607158660889,300Hz
69.0,69.0,0.9856180548667908,300Hz
69.0,69.0,0.9759214520454407,300Hz
69.0,69.0,0.9703992605209351,300Hz
69.0,69.0,0.9689455032348633,300Hz
69.0,69.0,0.9677877426147461,300Hz
69.0,69.0,0.9664520025253296,300Hz
69.0,69.0,0.9615001678466797,300Hz
69.0,69.0,0.9551010727882385,300Hz
69.0,69.0,0.9520676136016846,300Hz
69.0,69.0,0.9442212581634521,300Hz
69.0,69.0,0.935667872428894,300Hz
69.0,69.0,0.9239726066589355,300Hz
69.0,69.0,0.9217404127120972,300Hz
69.0,69.0,0.9144670367240906,300Hz
69.0,69.0,0.9058435559272766,300Hz
69.0,69.0,0.863648533821106,300Hz
69.0,69.0,0.8378397822380066,300Hz
69.0,69.0,0.7829281687736511,300Hz
69.0,69.0,0.7674041390419006,300Hz
69.0,69.0,0.712293267250061,300Hz
0.0,69.0,0.987158477306366,300Hz
0.0,69.0,0.7457953691482544,300Hz
0.0,69.0,0.6636013984680176,300Hz
69.0,0.0,1.0,300Hz
69.0,0.0,1.0,300Hz
69.0,0.0,1.0,300Hz
69.0,0.0,1.0,300Hz
69.0,0.0,1.0,300Hz
69.0,0.0,1.0,300Hz
69.0,0.0,1.0,300Hz
14.0,14.0,0.9996305704116821,300Hz
14.0,14.0,0.9993335604667664,300Hz
14.0,14.0,0.9990217089653015,300Hz
14.0,14.0,0.998794674873352,300Hz
14.0,14.0,0.9986605644226074,300Hz
14.0,14.0,0.9983558058738708,300Hz
14.0,14.0,0.9983022212982178,300Hz
0.0,14.0,0.9046481847763062,300Hz
0.0,-1.0,0.7540104985237122,300Hz
0.0,-1.0,0.5637983083724976,300Hz
14.0,0.0,1.0,300Hz
14.0,0.0,1.0,300Hz
14.0,0.0,1.0,300Hz
14.0,0.0,1.0,300Hz
37.0,37.0,0.9979357123374939,300Hz
69.0,69.0,0.9994816184043884,300Hz
69.0,69.0,0.9992236495018005,300Hz
69.0,69.0,0.9991649389266968,300Hz
69.0,69.0,0.9990062117576599,300Hz
69.0,69.0,0.9989697933197021,300Hz
69.0,69.0,0.9987735152244568,300Hz
69.0,69.0,0.9986361861228943,300Hz
69.0,69.0,0.9986193180084229,300Hz
69.0,69.0,0.9985604882240295,300Hz
69.0,69.0,0.9985207915306091,300Hz
69.0,69.0,0.9984655380249023,300Hz
69.0,69.0,0.9984596967697144,300Hz
69.0,69.0,0.9982537627220154,300Hz
69.0,69.0,0.9981831908226013,300Hz
69.0,69.0,0.998130738735199,300Hz
69.0,69.0,0.9980712532997131,300Hz
69.0,69.0,0.9978623986244202,300Hz
69.0,69.0,0.9978504180908203,300Hz
69.0,69.0,0.9977994561195374,300Hz
69.0,69.0,0.9977593421936035,300Hz
69.0,69.0,0.9976342916488647,300Hz
69.0,69.0,0.9975886344909668,300Hz
69.0,69.0,0.9968656897544861,300Hz
69.0,69.0,0.9967952370643616,300Hz
69.0,69.0,0.9965236783027649,300Hz
69.0,69.0,0.9965147972106934,300Hz
69.0,69.0,0.9963780045509338,300Hz
69.0,69.0,0.9963754415512085,300Hz
69.0,69.0,0.9963343143463135,300Hz
69.0,69.0,0.9963005781173706,300Hz
69.0,69.0,0.9961369633674622,300Hz
69.0,69.0,0.9958043098449707,300Hz
69.0,69.0,0.9956262111663818,300Hz
69.0,69.0,0.9955049157142639,300Hz
69.0,69.0,0.9954407215118408,300Hz
69.0,69.0,0.9950981140136719,300Hz
69.0,69.0,0.9949634075164795,300Hz
69.0,69.0,0.9948333501815796,300Hz
69.0,69.0,0.994709849357605,300Hz
69.0,69.0,0.9944233894348145,300Hz
69.0,69.0,0.9942580461502075,300Hz
69.0,69.0,0.9939837455749512,300Hz
69.0,69.0,0.9921332001686096,300Hz
69.0,69.0,0.9913229942321777,300Hz
69.0,69.0,0.9910184144973755,300Hz
69.0,69.0,0.9908009171485901,300Hz
69.0,69.0,0.9899033308029175,300Hz
69.0,69.0,0.989561140537262,300Hz
69.0,69.0,0.9894276261329651,300Hz
69.0,69.0,0.9881338477134705,300Hz
69.0,69.0,0.9877692461013794,300Hz
69.0,69.0,0.9869592785835266,300Hz
69.0,69.0,0.9838970899581909,300Hz
69.0,69.0,0.982285737991333,300Hz
69.0,69.0,0.9793297648429871,300Hz
69.0,69.0,0.977545440196991,300Hz
69.0,69.0,0.9747347831726074,300Hz
69.0,69.0,0.9729775190353394,300Hz
69.0,69.0,0.9707800149917603,300Hz
69.0,69.0,0.9701967239379883,300Hz
69.0,69.0,0.9691943526268005,300Hz
69.0,69.0,0.9690292477607727,300Hz
69.0,69.0,0.9675864577293396,300Hz
69.0,69.0,0.9646779298782349,300Hz
69.0,69.0,0.9554824829101562,300Hz
69.0,69.0,0.9512698650360107,300Hz
69.0,69.0,0.9490046501159668,300Hz
69.0,69.0,0.9362261891365051,300Hz
69.0,69.0,0.9136207699775696,300Hz
69.0,69.0,0.8818915486335754,300Hz
69.0,69.0,0.8812005519866943,300Hz
69.0,69.0,0.8799474835395813,300Hz
69.0,69.0,0.8549545407295227,300Hz
69.0,69.0,0.82664555311203,300Hz
69.0,69.0,0.6219620704650879,300Hz
69.0,69.0,0.6126955151557922,300Hz
0.0,69.0,0.9975530505180359,300Hz
0.0,69.0,0.9881369471549988,300Hz
0.0,69.0,0.8793808221817017,300Hz
0.0,69.0,0.7829239964485168,300Hz
69.0,0.0,1.0,300Hz
69.0,0.0,1.0,300Hz
69.0,0.0,1.0,300Hz
69.0,0.0,1.0,300Hz
69.0,0.0,1.0,300Hz
69.0,0.0,1.0,300Hz
69.0,0.0,1.0,300Hz
69.0,0.0,1.0,300Hz
69.0,0.0,1.0,300Hz
69.0,0.0,1.0,300Hz
69.0,0.0,1.0,300Hz
69.0,0.0,1.0,300Hz
69.0,0.0,1.0,300Hz
69.0,0.0,1.0,300Hz
69.0,0.0,1.0,300Hz
69.0,0.0,1.0,300Hz
69.0,0.0,1.0,300Hz
69.0,0.0,1.0,300Hz
69.0,0.0,1.0,300Hz
69.0,0.0,1.0,300Hz
69.0,0.0,1.0,300Hz
69.0,0.0,1.0,300Hz
69.0,0.0,1.0,300Hz
69.0,0.0,1.0,300Hz
69.0,0.0,1.0,300Hz
69.0,0.0,1.0,300Hz
69.0,0.0,1.0,300Hz
69.0,0.0,1.0,300Hz
69.0,0.0,1.0,300Hz
69.0,0.0,1.0,300Hz
69.0,0.0,1.0,300Hz
69.0,0.0,1.0,300Hz
69.0,0.0,1.0,300Hz
68.0,68.0,0.9985957741737366,300Hz
37.0,37.0,0.9990077018737793,300Hz
37.0,37.0,0.9975867867469788,300Hz
21.0,21.0,0.9987924695014954,300Hz
37.0,37.0,0.9987953901290894,300Hz
94.0,94.0,0.9970227479934692,300Hz
37.0,37.0,0.9973958730697632,300Hz
0.0,-1.0,0.5380124449729919,300Hz
0.0,14.0,0.5110123753547668,300Hz
21.0,21.0,0.996419370174408,300Hz
98.0,98.0,0.8690233826637268,2KHz
21.0,37.0,0.679593563079834,2KHz
37.0,37.0,0.8188677430152893,2KHz
95.0,95.0,0.8396154642105103,2KHz
68.0,68.0,0.999609649181366,2KHz
14.0,14.0,0.9994064569473267,2KHz
14.0,14.0,0.9992337226867676,2KHz
14.0,14.0,0.9988861680030823,2KHz
14.0,14.0,0.9980738162994385,2KHz
14.0,14.0,0.9897464513778687,2KHz
21.0,37.0,0.5692553520202637,2KHz
37.0,21.0,0.5952470898628235,2KHz
69.0,69.0,0.9994344115257263,2KHz
69.0,69.0,0.9990769624710083,2KHz
69.0,69.0,0.9987927675247192,2KHz
69.0,69.0,0.998783528804779,2KHz
69.0,69.0,0.998757004737854,2KHz
69.0,69.0,0.9986114501953125,2KHz
69.0,69.0,0.998424768447876,2KHz
69.0,69.0,0.9980023503303528,2KHz
69.0,69.0,0.9978631138801575,2KHz
69.0,69.0,0.9978259205818176,2KHz
69.0,69.0,0.997751772403717,2KHz
69.0,69.0,0.9974532723426819,2KHz
69.0,69.0,0.997385561466217,2KHz
69.0,69.0,0.9971490502357483,2KHz
69.0,69.0,0.9963914752006531,2KHz
69.0,69.0,0.9961124062538147,2KHz
69.0,69.0,0.9946542978286743,2KHz
69.0,69.0,0.9943692088127136,2KHz
69.0,69.0,0.9940209984779358,2KHz
69.0,69.0,0.9931300282478333,2KHz
69.0,69.0,0.9912931323051453,2KHz
69.0,69.0,0.9908422231674194,2KHz
69.0,69.0,0.9898281097412109,2KHz
69.0,69.0,0.9870830774307251,2KHz
69.0,69.0,0.9859914183616638,2KHz
69.0,69.0,0.9849549531936646,2KHz
69.0,69.0,0.9848138689994812,2KHz
69.0,69.0,0.9844692349433899,2KHz
69.0,69.0,0.9843830466270447,2KHz
69.0,69.0,0.9833586812019348,2KHz
69.0,69.0,0.9825308918952942,2KHz
69.0,69.0,0.9772716760635376,2KHz
69.0,69.0,0.9770264029502869,2KHz
69.0,69.0,0.9766749143600464,2KHz
69.0,69.0,0.9698314070701599,2KHz
69.0,69.0,0.9695329070091248,2KHz
69.0,69.0,0.9687429666519165,2KHz
69.0,69.0,0.9686370491981506,2KHz
69.0,69.0,0.9675052165985107,2KHz
69.0,69.0,0.9526253342628479,2KHz
69.0,69.0,0.9485553503036499,2KHz
69.0,69.0,0.9475473165512085,2KHz
69.0,69.0,0.9467359781265259,2KHz
69.0,69.0,0.9314737915992737,2KHz
69.0,69.0,0.9300106763839722,2KHz
69.0,69.0,0.9210143685340881,2KHz
69.0,69.0,0.9017297625541687,2KHz
69.0,69.0,0.8557654023170471,2KHz
69.0,69.0,0.779291570186615,2KHz
69.0,69.0,0.738581120967865,2KHz
69.0,69.0,0.714948296546936,2KHz
0.0,69.0,0.8255394697189331,2KHz
0.0,69.0,0.6773911118507385,2KHz
69.0,0.0,1.0,2KHz
69.0,0.0,1.0,2KHz
69.0,0.0,1.0,2KHz
69.0,0.0,1.0,2KHz
69.0,0.0,1.0,2KHz
69.0,0.0,1.0,2KHz
69.0,0.0,1.0,2KHz
69.0,0.0,1.0,2KHz
69.0,0.0,1.0,2KHz
69.0,0.0,1.0,2KHz
69.0,0.0,1.0,2KHz
69.0,0.0,1.0,2KHz
69.0,0.0,1.0,2KHz
69.0,0.0,1.0,2KHz
69.0,0.0,1.0,2KHz
69.0,0.0,1.0,2KHz
69.0,0.0,1.0,2KHz
69.0,0.0,1.0,2KHz
69.0,0.0,1.0,2KHz
68.0,68.0,0.9996778964996338,2KHz
14.0,14.0,0.9966013431549072,2KHz
14.0,14.0,0.9956219792366028,2KHz
14.0,14.0,0.9913017153739929,2KHz
14.0,14.0,0.944983720779419,2KHz
14.0,14.0,0.9396445155143738,2KHz
96.0,96.0,0.9998964071273804,2KHz
69.0,69.0,0.9998874664306641,2KHz
69.0,69.0,0.999840497970581,2KHz
69.0,69.0,0.9997150301933289,2KHz
69.0,69.0,0.9993433356285095,2KHz
69.0,69.0,0.9991173148155212,2KHz
69.0,69.0,0.9989782571792603,2KHz
69.0,69.0,0.9989728927612305,2KHz
69.0,69.0,0.9976644515991211,2KHz
69.0,69.0,0.9972783923149109,2KHz
69.0,69.0,0.9970117807388306,2KHz
69.0,69.0,0.9969488978385925,2KHz
69.0,69.0,0.9965829253196716,2KHz
69.0,69.0,0.9964733719825745,2KHz
69.0,69.0,0.9957789182662964,2KHz
69.0,69.0,0.9951657056808472,2KHz
69.0,69.0,0.989215075969696,2KHz
69.0,69.0,0.9884678721427917,2KHz
69.0,69.0,0.9857285618782043,2KHz
69.0,69.0,0.9854171872138977,2KHz
69.0,69.0,0.9851424098014832,2KHz
69.0,69.0,0.9799347519874573,2KHz
69.0,69.0,0.9786232709884644,2KHz
69.0,69.0,0.9786232709884644,2KHz
69.0,69.0,0.9755364656448364,2KHz
69.0,69.0,0.9749171137809753,2KHz
69.0,69.0,0.9698627591133118,2KHz
69.0,69.0,0.9434738159179688,2KHz
69.0,69.0,0.9338352084159851,2KHz
69.0,69.0,0.9222791790962219,2KHz
69.0,69.0,0.9167418479919434,2KHz
69.0,69.0,0.9135222434997559,2KHz
69.0,69.0,0.9031402468681335,2KHz
69.0,69.0,0.8196366429328918,2KHz
0.0,69.0,0.9519926309585571,2KHz
0.0,69.0,0.9424546360969543,2KHz
0.0,69.0,0.9273207783699036,2KHz
69.0,0.0,1.0,2KHz
69.0,0.0,1.0,2KHz
69.0,0.0,1.0,2KHz
69.0,0.0,1.0,2KHz
69.0,0.0,1.0,2KHz
69.0,0.0,1.0,2KHz
69.0,0.0,1.0,2KHz
69.0,0.0,1.0,2KHz
69.0,0.0,1.0,2KHz
69.0,0.0,1.0,2KHz
69.0,0.0,1.0,2KHz
69.0,0.0,1.0,2KHz
69.0,0.0,1.0,2KHz
69.0,0.0,1.0,2KHz
69.0,0.0,1.0,2KHz
70.0,70.0,0.9978439807891846,2KHz
38.0,38.0,0.99955815076828,2KHz
37.0,37.0,0.9990208148956299,2KHz
21.0,21.0,0.8045294284820557,2KHz
68.0,68.0,0.999620795249939,2KHz
14.0,14.0,0.998193085193634,2KHz
38.0,38.0,0.9993563294410706,2KHz
37.0,37.0,0.8094440698623657,2KHz
38.0,0.0,1.0,2KHz
37.0,37.0,0.9995182752609253,2KHz
0.0,-1.0,0.6325594782829285,2KHz
69.0,69.0,0.9998319149017334,2KHz
69.0,69.0,0.9995749592781067,2KHz
69.0,69.0,0.9994763731956482,2KHz
69.0,69.0,0.9992654919624329,2KHz
69.0,69.0,0.9990664124488831,2KHz
69.0,69.0,0.9990605711936951,2KHz
69.0,69.0,0.9985176920890808,2KHz
69.0,69.0,0.9983660578727722,2KHz
69.0,69.0,0.9981195330619812,2KHz
69.0,69.0,0.99753737449646,2KHz
69.0,69.0,0.9972782731056213,2KHz
69.0,69.0,0.9971058964729309,2KHz
69.0,69.0,0.9964199066162109,2KHz
69.0,69.0,0.9955724477767944,2KHz
69.0,69.0,0.9952397346496582,2KHz
69.0,69.0,0.9944018721580505,2KHz
69.0,69.0,0.9943477511405945,2KHz
69.0,69.0,0.9937843084335327,2KHz
69.0,69.0,0.9909945130348206,2KHz
69.0,69.0,0.989382803440094,2KHz
69.0,69.0,0.9846593141555786,2KHz
69.0,69.0,0.9810483455657959,2KHz
69.0,69.0,0.9801293015480042,2KHz
69.0,69.0,0.9789844155311584,2KHz
69.0,69.0,0.9787592887878418,2KHz
69.0,69.0,0.9736270308494568,2KHz
69.0,69.0,0.9712246060371399,2KHz
69.0,69.0,0.9558034539222717,2KHz
69.0,69.0,0.9512539505958557,2KHz
69.0,69.0,0.9417596459388733,2KHz
69.0,69.0,0.9370543360710144,2KHz
69.0,69.0,0.9366098046302795,2KHz
69.0,69.0,0.9201358556747437,2KHz
69.0,69.0,0.9002389311790466,2KHz
69.0,69.0,0.8830099105834961,2KHz
69.0,69.0,0.8526884317398071,2KHz
69.0,69.0,0.8352991938591003,2KHz
69.0,69.0,0.8194797039031982,2KHz
69.0,69.0,0.6670568585395813,2KHz
69.0,69.0,0.6094817519187927,2KHz
69.0,0.0,1.0,2KHz
69.0,0.0,1.0,2KHz
69.0,0.0,1.0,2KHz
69.0,0.0,1.0,2KHz
69.0,0.0,1.0,2KHz
69.0,0.0,1.0,2KHz
69.0,0.0,1.0,2KHz
69.0,0.0,1.0,2KHz
69.0,0.0,1.0,2KHz
69.0,0.0,1.0,2KHz
69.0,0.0,1.0,2KHz
69.0,0.0,1.0,2KHz
69.0,0.0,1.0,2KHz
69.0,0.0,1.0,2KHz
69.0,0.0,1.0,2KHz
69.0,0.0,1.0,2KHz
69.0,0.0,1.0,2KHz
69.0,0.0,1.0,2KHz
69.0,0.0,1.0,2KHz
69.0,0.0,1.0,2KHz
69.0,0.0,1.0,2KHz
69.0,0.0,1.0,2KHz
69.0,0.0,1.0,2KHz
69.0,0.0,1.0,2KHz
69.0,0.0,1.0,2KHz
69.0,0.0,1.0,2KHz
69.0,0.0,1.0,2KHz
69.0,0.0,1.0,2KHz
69.0,0.0,1.0,2KHz
69.0,0.0,1.0,2KHz
69.0,0.0,1.0,2KHz
69.0,0.0,1.0,2KHz
69.0,0.0,1.0,2KHz
21.0,21.0,0.9996123909950256,2KHz
37.0,37.0,0.8175734877586365,2KHz
0.0,-1.0,0.5063472986221313,2KHz
38.0,38.0,0.9996618032455444,2KHz
38.0,38.0,0.9995675683021545,2KHz
69.0,69.0,0.999907374382019,2KHz
69.0,69.0,0.9997797608375549,2KHz
69.0,69.0,0.9997765421867371,2KHz
69.0,69.0,0.999686598777771,2KHz
69.0,69.0,0.9991185069084167,2KHz
69.0,69.0,0.9990993738174438,2KHz
69.0,69.0,0.9988166093826294,2KHz
69.0,69.0,0.9986598491668701,2KHz
69.0,69.0,0.9984371066093445,2KHz
69.0,69.0,0.9983772039413452,2KHz
69.0,69.0,0.9981265664100647,2KHz
69.0,69.0,0.9979972243309021,2KHz
69.0,69.0,0.9979070425033569,2KHz
69.0,69.0,0.9978618025779724,2KHz
69.0,69.0,0.9978017210960388,2KHz
69.0,69.0,0.9977303147315979,2KHz
69.0,69.0,0.9976578950881958,2KHz
69.0,69.0,0.9969762563705444,2KHz
69.0,69.0,0.9955376386642456,2KHz
69.0,69.0,0.9946622252464294,2KHz
69.0,69.0,0.9942631125450134,2KHz
69.0,69.0,0.9937037825584412,2KHz
69.0,69.0,0.993610680103302,2KHz
69.0,69.0,0.9919257760047913,2KHz
69.0,69.0,0.9918042421340942,2KHz
69.0,69.0,0.9903953671455383,2KHz
69.0,69.0,0.9898315072059631,2KHz
69.0,69.0,0.9892609119415283,2KHz
69.0,69.0,0.989153265953064,2KHz
69.0,69.0,0.9841856360435486,2KHz
69.0,69.0,0.982276976108551,2KHz
69.0,69.0,0.981315553188324,2KHz
69.0,69.0,0.9797011613845825,2KHz
69.0,69.0,0.9761011004447937,2KHz
69.0,69.0,0.9723260402679443,2KHz
69.0,69.0,0.96986323595047,2KHz
69.0,69.0,0.9653739333152771,2KHz
69.0,69.0,0.9619983434677124,2KHz
69.0,69.0,0.9585684537887573,2KHz
69.0,69.0,0.956242561340332,2KHz
69.0,69.0,0.9501244425773621,2KHz
69.0,69.0,0.9464206695556641,2KHz
69.0,69.0,0.9461320042610168,2KHz
69.0,69.0,0.9414337873458862,2KHz
69.0,69.0,0.9343770146369934,2KHz
69.0,69.0,0.9283997416496277,2KHz
69.0,69.0,0.9221987724304199,2KHz
69.0,69.0,0.9057378768920898,2KHz
69.0,69.0,0.894580066204071,2KHz
69.0,69.0,0.8880329728126526,2KHz
69.0,69.0,0.6202171444892883,2KHz
69.0,0.0,1.0,2KHz
69.0,0.0,1.0,2KHz
69.0,0.0,1.0,2KHz
69.0,0.0,1.0,2KHz
69.0,0.0,1.0,2KHz
69.0,0.0,1.0,2KHz
69.0,0.0,1.0,2KHz
69.0,0.0,1.0,2KHz
69.0,0.0,1.0,2KHz
69.0,0.0,1.0,2KHz
69.0,0.0,1.0,2KHz
69.0,0.0,1.0,2KHz
69.0,0.0,1.0,2KHz
69.0,0.0,1.0,2KHz
69.0,0.0,1.0,2KHz
69.0,0.0,1.0,2KHz
69.0,0.0,1.0,2KHz
69.0,0.0,1.0,2KHz
69.0,0.0,1.0,2KHz
69.0,0.0,1.0,2KHz
69.0,0.0,1.0,2KHz
69.0,0.0,1.0,2KHz
69.0,0.0,1.0,2KHz
69.0,0.0,1.0,2KHz
69.0,0.0,1.0,2KHz
69.0,0.0,1.0,2KHz
69.0,0.0,1.0,2KHz
68.0,68.0,0.9997923970222473,2KHz
14.0,14.0,0.9988092184066772,2KHz
0.0,14.0,0.5216232538223267,2KHz
38.0,38.0,0.9997920393943787,2KHz
68.0,68.0,0.9996222257614136,2KHz
14.0,14.0,0.9995001554489136,2KHz
38.0,38.0,0.9992475509643555,2KHz
38.0,38.0,0.9997442364692688,2KHz
37.0,37.0,0.9984286427497864,2KHz
21.0,21.0,0.8710572719573975,2KHz
69.0,69.0,0.9990221261978149,2KHz
69.0,69.0,0.9986214637756348,2KHz
69.0,69.0,0.9983745813369751,2KHz
69.0,69.0,0.9982525706291199,2KHz
69.0,69.0,0.9977928400039673,2KHz
69.0,69.0,0.9971518516540527,2KHz
69.0,69.0,0.9965772032737732,2KHz
69.0,69.0,0.9955736398696899,2KHz
69.0,69.0,0.995016872882843,2KHz
69.0,69.0,0.9948384165763855,2KHz
69.0,69.0,0.9948103427886963,2KHz
69.0,69.0,0.9937600493431091,2KHz
69.0,69.0,0.9927619099617004,2KHz
69.0,69.0,0.9921745657920837,2KHz
69.0,69.0,0.9905656576156616,2KHz
69.0,69.0,0.9885097146034241,2KHz
69.0,69.0,0.9882283806800842,2KHz
69.0,69.0,0.9874581694602966,2KHz
69.0,69.0,0.9867598414421082,2KHz
69.0,69.0,0.9863989353179932,2KHz
69.0,69.0,0.9813472032546997,2KHz
69.0,69.0,0.9807726144790649,2KHz
69.0,69.0,0.9802101254463196,2KHz
69.0,69.0,0.9785333275794983,2KHz
69.0,69.0,0.9736514687538147,2KHz
69.0,69.0,0.9727905988693237,2KHz
69.0,69.0,0.9683379530906677,2KHz
69.0,69.0,0.9676069021224976,2KHz
69.0,69.0,0.9648556113243103,2KHz
69.0,69.0,0.9645954370498657,2KHz
69.0,69.0,0.962699830532074,2KHz
69.0,69.0,0.9309349060058594,2KHz
69.0,69.0,0.9305974245071411,2KHz
69.0,69.0,0.9283696413040161,2KHz
69.0,69.0,0.9142441749572754,2KHz
69.0,69.0,0.890963077545166,2KHz
69.0,69.0,0.8643127083778381,2KHz
69.0,69.0,0.8235657811164856,2KHz
69.0,69.0,0.8160033822059631,2KHz
69.0,69.0,0.8016776442527771,2KHz
69.0,69.0,0.7275364398956299,2KHz
69.0,69.0,0.7087161540985107,2KHz
69.0,69.0,0.6947483420372009,2KHz
69.0,69.0,0.6455250978469849,2KHz
69.0,69.0,0.5744693279266357,2KHz
69.0,0.0,1.0,2KHz
69.0,0.0,1.0,2KHz
69.0,0.0,1.0,2KHz
69.0,0.0,1.0,2KHz
69.0,0.0,1.0,2KHz
69.0,0.0,1.0,2KHz
69.0,0.0,1.0,2KHz
69.0,0.0,1.0,2KHz
69.0,0.0,1.0,2KHz
69.0,0.0,1.0,2KHz
69.0,0.0,1.0,2KHz
69.0,0.0,1.0,2KHz
69.0,0.0,1.0,2KHz
69.0,0.0,1.0,2KHz
69.0,0.0,1.0,2KHz
69.0,0.0,1.0,2KHz
69.0,0.0,1.0,2KHz
69.0,0.0,1.0,2KHz
69.0,0.0,1.0,2KHz
69.0,0.0,1.0,2KHz
69.0,0.0,1.0,2KHz
69.0,0.0,1.0,2KHz
69.0,0.0,1.0,2KHz
69.0,0.0,1.0,2KHz
69.0,0.0,1.0,2KHz
38.0,38.0,0.9875146150588989,2KHz
97.0,97.0,0.9995051622390747,2KHz
38.0,38.0,0.9998608827590942,2KHz
21.0,21.0,0.5776198506355286,2KHz
21.0,21.0,0.9463205337524414,2KHz
14.0,14.0,0.9998365640640259,2KHz
14.0,14.0,0.9996986389160156,2KHz
14.0,14.0,0.9996860027313232,2KHz
14.0,14.0,0.9996715784072876,2KHz
14.0,14.0,0.9996286630630493,2KHz
14.0,14.0,0.9995306730270386,2KHz
14.0,14.0,0.9995288848876953,2KHz
14.0,14.0,0.9995282888412476,2KHz
14.0,14.0,0.9994851350784302,2KHz
14.0,14.0,0.9994268417358398,2KHz
14.0,14.0,0.9994125366210938,2KHz
14.0,14.0,0.9994069337844849,2KHz
14.0,14.0,0.9993878602981567,2KHz
14.0,14.0,0.9993734955787659,2KHz
14.0,14.0,0.9993690848350525,2KHz
14.0,14.0,0.9991745352745056,2KHz
14.0,14.0,0.9991674423217773,2KHz
14.0,14.0,0.9991053938865662,2KHz
14.0,14.0,0.9990941286087036,2KHz
14.0,14.0,0.9990831613540649,2KHz
14.0,14.0,0.9987683892250061,2KHz
14.0,0.0,1.0,2KHz
14.0,0.0,1.0,2KHz
14.0,0.0,1.0,2KHz
37.0,37.0,0.9981619715690613,2KHz
38.0,38.0,0.9986104965209961,2KHz
96.0,96.0,0.9998956918716431,2KHz
21.0,21.0,0.9946923851966858,2KHz
38.0,38.0,0.9988093376159668,2KHz
37.0,37.0,0.9406892657279968,2KHz
14.0,14.0,0.9994117021560669,2KHz
37.0,37.0,0.7229433059692383,2KHz
0.0,-1.0,0.8239313364028931,2KHz
0.0,-1.0,0.6825208067893982,2KHz
68.0,68.0,0.9997662901878357,2KHz
14.0,14.0,0.9991242289543152,2KHz
69.0,69.0,0.9995887875556946,2KHz
69.0,69.0,0.999339759349823,2KHz
69.0,69.0,0.9992625117301941,2KHz
69.0,69.0,0.9989311099052429,2KHz
69.0,69.0,0.9988123178482056,2KHz
69.0,69.0,0.9986812472343445,2KHz
69.0,69.0,0.9983031749725342,2KHz
69.0,69.0,0.9982544779777527,2KHz
69.0,69.0,0.9980424642562866,2KHz
69.0,69.0,0.9975192546844482,2KHz
69.0,69.0,0.9967613816261292,2KHz
69.0,69.0,0.9964444041252136,2KHz
69.0,69.0,0.9960139989852905,2KHz
69.0,69.0,0.9958541393280029,2KHz
69.0,69.0,0.9957236051559448,2KHz
69.0,69.0,0.9941907525062561,2KHz
69.0,69.0,0.9932658672332764,2KHz
69.0,69.0,0.992326021194458,2KHz
69.0,69.0,0.9919185042381287,2KHz
69.0,69.0,0.9907141923904419,2KHz
69.0,69.0,0.990664005279541,2KHz
69.0,69.0,0.9898026585578918,2KHz
69.0,69.0,0.9897069931030273,2KHz
69.0,69.0,0.9896696209907532,2KHz
69.0,69.0,0.988860547542572,2KHz
69.0,69.0,0.9880164265632629,2KHz
69.0,69.0,0.9857942461967468,2KHz
69.0,69.0,0.9751653075218201,2KHz
69.0,69.0,0.9750074148178101,2KHz
69.0,69.0,0.973162829875946,2KHz
69.0,69.0,0.9676767587661743,2KHz
69.0,69.0,0.9525240659713745,2KHz
69.0,69.0,0.9521597027778625,2KHz
69.0,69.0,0.9516503810882568,2KHz
69.0,69.0,0.948788046836853,2KHz
69.0,69.0,0.9484818577766418,2KHz
69.0,69.0,0.9450210928916931,2KHz
69.0,69.0,0.9353253841400146,2KHz
69.0,69.0,0.93354731798172,2KHz
69.0,69.0,0.9317132830619812,2KHz
69.0,69.0,0.9107134342193604,2KHz
69.0,69.0,0.8324457406997681,2KHz
69.0,69.0,0.8224310874938965,2KHz
69.0,0.0,1.0,2KHz
69.0,0.0,1.0,2KHz
69.0,0.0,1.0,2KHz
69.0,0.0,1.0,2KHz
69.0,0.0,1.0,2KHz
69.0,0.0,1.0,2KHz
69.0,0.0,1.0,2KHz
69.0,0.0,1.0,2KHz
69.0,0.0,1.0,2KHz
69.0,0.0,1.0,2KHz
69.0,0.0,1.0,2KHz
69.0,0.0,1.0,2KHz
69.0,0.0,1.0,2KHz
69.0,0.0,1.0,2KHz
69.0,0.0,1.0,2KHz
69.0,0.0,1.0,2KHz
69.0,0.0,1.0,2KHz
69.0,0.0,1.0,2KHz
69.0,0.0,1.0,2KHz
69.0,0.0,1.0,2KHz
69.0,0.0,1.0,2KHz
69.0,0.0,1.0,2KHz
69.0,0.0,1.0,2KHz
69.0,0.0,1.0,2KHz
14.0,14.0,0.9999910593032837,2KHz
14.0,14.0,0.999885082244873,2KHz
14.0,14.0,0.9997565150260925,2KHz
14.0,14.0,0.9996674060821533,2KHz
14.0,14.0,0.9996606111526489,2KHz
14.0,14.0,0.999578058719635,2KHz
14.0,14.0,0.9995728135108948,2KHz
14.0,14.0,0.9994760155677795,2KHz
14.0,14.0,0.9990220069885254,2KHz
14.0,14.0,0.9988829493522644,2KHz
14.0,14.0,0.9988142251968384,2KHz
14.0,0.0,1.0,2KHz
37.0,37.0,0.7586955428123474,2KHz
21.0,37.0,0.5474063158035278,2KHz
14.0,14.0,0.9999656677246094,2KHz
14.0,14.0,0.9997950196266174,2KHz
14.0,14.0,0.9997605681419373,2KHz
14.0,14.0,0.9997566342353821,2KHz
14.0,14.0,0.9996795654296875,2KHz
14.0,14.0,0.9993368983268738,2KHz
14.0,14.0,0.9992389678955078,2KHz
14.0,14.0,0.9991033673286438,2KHz
14.0,14.0,0.9988090991973877,2KHz
14.0,14.0,0.9985754489898682,2KHz
14.0,14.0,0.9980270266532898,2KHz
14.0,14.0,0.9972819089889526,2KHz
14.0,0.0,1.0,2KHz
68.0,68.0,0.9993801116943359,2KHz
0.0,14.0,0.9999059438705444,2KHz
0.0,14.0,0.999860405921936,2KHz
0.0,14.0,0.9997385144233704,2KHz
0.0,14.0,0.9996395111083984,2KHz
0.0,14.0,0.9992414712905884,2KHz
14.0,14.0,0.9999537467956543,2KHz
14.0,14.0,0.9998363256454468,2KHz
14.0,14.0,0.9997751116752625,2KHz
14.0,14.0,0.999747097492218,2KHz
14.0,14.0,0.9997146725654602,2KHz
14.0,14.0,0.9993263483047485,2KHz
14.0,14.0,0.9991779923439026,2KHz
14.0,14.0,0.9989896416664124,2KHz
14.0,14.0,0.9987958669662476,2KHz
14.0,14.0,0.9987151622772217,2KHz
14.0,14.0,0.9986734390258789,2KHz
0.0,14.0,0.9968760013580322,2KHz
38.0,38.0,0.999583899974823,2KHz
94.0,94.0,0.9988195300102234,2KHz
14.0,14.0,0.9994365572929382,2KHz
14.0,14.0,0.9987126588821411,2KHz
14.0,14.0,0.9983564019203186,2KHz
14.0,14.0,0.9975842237472534,2KHz
68.0,68.0,0.9972044825553894,2KHz
14.0,14.0,0.9857266545295715,2KHz
37.0,37.0,0.9981374740600586,2KHz
14.0,14.0,0.9995604157447815,2KHz
68.0,68.0,0.9991059899330139,2KHz
14.0,14.0,0.9987022876739502,2KHz
14.0,14.0,0.9986429810523987,2KHz
14.0,14.0,0.9970460534095764,2KHz
14.0,14.0,0.9960438013076782,2KHz
37.0,37.0,0.6743148565292358,2KHz
38.0,38.0,0.9992621541023254,2KHz
37.0,37.0,0.9996148347854614,2KHz
69.0,69.0,0.9999415874481201,2KHz
69.0,69.0,0.9999346733093262,2KHz
69.0,69.0,0.999896764755249,2KHz
69.0,69.0,0.999739944934845,2KHz
69.0,69.0,0.9997124075889587,2KHz
69.0,69.0,0.9996117949485779,2KHz
69.0,69.0,0.9995412826538086,2KHz
69.0,69.0,0.9994687438011169,2KHz
69.0,69.0,0.9994511008262634,2KHz
69.0,69.0,0.9993201494216919,2KHz
69.0,69.0,0.9992648363113403,2KHz
69.0,69.0,0.9992626309394836,2KHz
69.0,69.0,0.9992507100105286,2KHz
69.0,69.0,0.9992415904998779,2KHz
69.0,69.0,0.9991629123687744,2KHz
69.0,69.0,0.9991416931152344,2KHz
69.0,69.0,0.9990955591201782,2KHz
69.0,69.0,0.9990818500518799,2KHz
69.0,69.0,0.9990329742431641,2KHz
69.0,69.0,0.9989287257194519,2KHz
69.0,69.0,0.9988431930541992,2KHz
69.0,69.0,0.9986730813980103,2KHz
69.0,69.0,0.9985703229904175,2KHz
69.0,69.0,0.9983617067337036,2KHz
69.0,69.0,0.9978454113006592,2KHz
69.0,69.0,0.9976218342781067,2KHz
69.0,69.0,0.997601330280304,2KHz
69.0,69.0,0.9974948167800903,2KHz
69.0,69.0,0.9973179697990417,2KHz
69.0,69.0,0.9970211386680603,2KHz
69.0,69.0,0.9967355132102966,2KHz
69.0,69.0,0.996707558631897,2KHz
69.0,69.0,0.9960527420043945,2KHz
69.0,69.0,0.9955165982246399,2KHz
69.0,69.0,0.9954946041107178,2KHz
69.0,69.0,0.9954617619514465,2KHz
69.0,69.0,0.995261549949646,2KHz
69.0,69.0,0.9949109554290771,2KHz
69.0,69.0,0.9948539137840271,2KHz
69.0,69.0,0.9947521686553955,2KHz
69.0,69.0,0.9946821331977844,2KHz
69.0,69.0,0.9938459992408752,2KHz
69.0,69.0,0.9936386942863464,2KHz
69.0,69.0,0.9928921461105347,2KHz
69.0,69.0,0.9927318692207336,2KHz
69.0,69.0,0.9925379157066345,2KHz
69.0,69.0,0.9922105073928833,2KHz
69.0,69.0,0.9920561909675598,2KHz
69.0,69.0,0.9911729693412781,2KHz
69.0,69.0,0.989467203617096,2KHz
69.0,69.0,0.9888317584991455,2KHz
69.0,69.0,0.9870758652687073,2KHz
69.0,69.0,0.9867070317268372,2KHz
69.0,69.0,0.9854503870010376,2KHz
69.0,69.0,0.9819605350494385,2KHz
69.0,69.0,0.9793823957443237,2KHz
69.0,69.0,0.9778434634208679,2KHz
69.0,69.0,0.9773660898208618,2KHz
69.0,69.0,0.9761948585510254,2KHz
69.0,69.0,0.9739260077476501,2KHz
69.0,69.0,0.9722434878349304,2KHz
69.0,69.0,0.9697878956794739,2KHz
69.0,69.0,0.9655968546867371,2KHz
69.0,69.0,0.9654884934425354,2KHz
69.0,69.0,0.9607529640197754,2KHz
69.0,69.0,0.9576577544212341,2KHz
69.0,69.0,0.9552415013313293,2KHz
69.0,69.0,0.9465515613555908,2KHz
69.0,69.0,0.9441264867782593,2KHz
69.0,69.0,0.9372649788856506,2KHz
69.0,69.0,0.9363579750061035,2KHz
69.0,69.0,0.9337737560272217,2KHz
69.0,69.0,0.9257122278213501,2KHz
69.0,69.0,0.9229646921157837,2KHz
69.0,69.0,0.9104294776916504,2KHz
69.0,69.0,0.9070091843605042,2KHz
69.0,69.0,0.898516058921814,2KHz
69.0,69.0,0.865617573261261,2KHz
69.0,69.0,0.8414167761802673,2KHz
69.0,69.0,0.6311184167861938,2KHz
0.0,69.0,0.8666331171989441,2KHz
0.0,69.0,0.7742748260498047,2KHz
69.0,0.0,1.0,2KHz
69.0,0.0,1.0,2KHz
69.0,0.0,1.0,2KHz
69.0,0.0,1.0,2KHz
69.0,0.0,1.0,2KHz
69.0,0.0,1.0,2KHz
69.0,0.0,1.0,2KHz
69.0,0.0,1.0,2KHz
69.0,0.0,1.0,2KHz
69.0,0.0,1.0,2KHz
69.0,0.0,1.0,2KHz
69.0,0.0,1.0,2KHz
69.0,0.0,1.0,2KHz
69.0,0.0,1.0,2KHz
69.0,0.0,1.0,2KHz
69.0,0.0,1.0,2KHz
69.0,0.0,1.0,2KHz
69.0,0.0,1.0,2KHz
69.0,0.0,1.0,2KHz
69.0,0.0,1.0,2KHz
69.0,0.0,1.0,2KHz
69.0,0.0,1.0,2KHz
69.0,0.0,1.0,2KHz
69.0,0.0,1.0,2KHz
69.0,0.0,1.0,2KHz
69.0,0.0,1.0,2KHz
69.0,0.0,1.0,2KHz
69.0,0.0,1.0,2KHz
69.0,0.0,1.0,2KHz
69.0,0.0,1.0,2KHz
69.0,0.0,1.0,2KHz
69.0,0.0,1.0,2KHz
69.0,0.0,1.0,2KHz
69.0,0.0,1.0,2KHz
69.0,0.0,1.0,2KHz
69.0,0.0,1.0,2KHz
69.0,0.0,1.0,2KHz
69.0,0.0,1.0,2KHz
69.0,0.0,1.0,2KHz
69.0,0.0,1.0,2KHz
69.0,0.0,1.0,2KHz
69.0,0.0,1.0,2KHz
69.0,0.0,1.0,2KHz
69.0,0.0,1.0,2KHz
69.0,0.0,1.0,2KHz
69.0,0.0,1.0,2KHz
69.0,0.0,1.0,2KHz
69.0,0.0,1.0,2KHz
69.0,0.0,1.0,2KHz
69.0,0.0,1.0,2KHz
69.0,0.0,1.0,2KHz
69.0,0.0,1.0,2KHz
69.0,0.0,1.0,2KHz
69.0,0.0,1.0,2KHz
69.0,0.0,1.0,2KHz
69.0,0.0,1.0,2KHz
69.0,0.0,1.0,2KHz
69.0,0.0,1.0,2KHz
69.0,0.0,1.0,2KHz
69.0,0.0,1.0,2KHz
69.0,0.0,1.0,2KHz
21.0,21.0,0.9972054362297058,2KHz
37.0,37.0,0.9962019324302673,2KHz
14.0,14.0,0.9992185831069946,2KHz
68.0,68.0,0.9976263642311096,2KHz
68.0,68.0,0.9984277486801147,2KHz
14.0,14.0,0.9960210919380188,2KHz
14.0,14.0,0.9959873557090759,2KHz
14.0,14.0,0.9933112859725952,2KHz
14.0,14.0,0.9929920434951782,2KHz
14.0,14.0,0.9513728022575378,2KHz
21.0,21.0,0.9318050742149353,2KHz
37.0,37.0,0.5272023677825928,2KHz
37.0,37.0,0.9875046610832214,2KHz
0.0,-1.0,0.669765055179596,2KHz
38.0,38.0,0.9987850785255432,2KHz
69.0,69.0,0.9999144077301025,2KHz
69.0,69.0,0.9998502731323242,2KHz
69.0,69.0,0.9997774958610535,2KHz
69.0,69.0,0.9994794726371765,2KHz
69.0,69.0,0.99910968542099,2KHz
69.0,69.0,0.9989656209945679,2KHz
69.0,69.0,0.9985947012901306,2KHz
69.0,69.0,0.9985602498054504,2KHz
69.0,69.0,0.9982675313949585,2KHz
69.0,69.0,0.9982637763023376,2KHz
69.0,69.0,0.9979351758956909,2KHz
69.0,69.0,0.9978817105293274,2KHz
69.0,69.0,0.9976106882095337,2KHz
69.0,69.0,0.9968510270118713,2KHz
69.0,69.0,0.9962263107299805,2KHz
69.0,69.0,0.9951006770133972,2KHz
69.0,69.0,0.9943467974662781,2KHz
69.0,69.0,0.9935601949691772,2KHz
69.0,69.0,0.9930413961410522,2KHz
69.0,69.0,0.9919915795326233,2KHz
69.0,69.0,0.9907413721084595,2KHz
69.0,69.0,0.9906524419784546,2KHz
69.0,69.0,0.9906018972396851,2KHz
69.0,69.0,0.9888606667518616,2KHz
69.0,69.0,0.9860602617263794,2KHz
69.0,69.0,0.9854881167411804,2KHz
69.0,69.0,0.985148012638092,2KHz
69.0,69.0,0.9829503297805786,2KHz
69.0,69.0,0.9820612668991089,2KHz
69.0,69.0,0.981968104839325,2KHz
69.0,69.0,0.9811811447143555,2KHz
69.0,69.0,0.9806920289993286,2KHz
69.0,69.0,0.9781594276428223,2KHz
69.0,69.0,0.9772836565971375,2KHz
69.0,69.0,0.977187991142273,2KHz
69.0,69.0,0.9744027853012085,2KHz
69.0,69.0,0.9710582494735718,2KHz
69.0,69.0,0.9682015776634216,2KHz
69.0,69.0,0.953418493270874,2KHz
69.0,69.0,0.9525184631347656,2KHz
69.0,69.0,0.9466333985328674,2KHz
69.0,69.0,0.9342148900032043,2KHz
69.0,69.0,0.9265257120132446,2KHz
69.0,69.0,0.909808874130249,2KHz
69.0,69.0,0.9020270705223083,2KHz
69.0,69.0,0.8992919325828552,2KHz
69.0,69.0,0.8955052495002747,2KHz
69.0,69.0,0.8632639646530151,2KHz
69.0,69.0,0.8602070212364197,2KHz
69.0,69.0,0.8558235764503479,2KHz
69.0,69.0,0.7533805966377258,2KHz
69.0,0.0,1.0,2KHz
69.0,0.0,1.0,2KHz
69.0,0.0,1.0,2KHz
69.0,0.0,1.0,2KHz
69.0,0.0,1.0,2KHz
69.0,0.0,1.0,2KHz
69.0,0.0,1.0,2KHz
69.0,0.0,1.0,2KHz
69.0,0.0,1.0,2KHz
69.0,0.0,1.0,2KHz
69.0,0.0,1.0,2KHz
69.0,0.0,1.0,2KHz
69.0,0.0,1.0,2KHz
69.0,0.0,1.0,2KHz
69.0,0.0,1.0,2KHz
69.0,0.0,1.0,2KHz
69.0,0.0,1.0,2KHz
69.0,0.0,1.0,2KHz
69.0,0.0,1.0,2KHz
69.0,0.0,1.0,2KHz
69.0,0.0,1.0,2KHz
69.0,0.0,1.0,2KHz
14.0,14.0,0.9997897744178772,2KHz
14.0,14.0,0.9997509121894836,2KHz
68.0,68.0,0.999672532081604,2KHz
14.0,14.0,0.9995001554489136,2KHz
14.0,14.0,0.9994165897369385,2KHz
14.0,14.0,0.9992189407348633,2KHz
